Case,U1,U2,U3,U4,U5,U6,U7,U8,U9,U10,U11,DI1,DI2,DI3,DI4,DI5,DI6,DI7,DI8,DI9,DI10
0,-0.564500978,-0.031840387,-0.558849533,-0.080480162,-0.250179415,-0.15787318,-0.344407989,-0.537462965,-0.495730394,-0.429928628,-0.563305884,0,0,0,0,0.3,0,0,0,0,0
